Provider,Value,Color,Example
access.redhat.com,10903,#69b3a2,https://access.redhat.com/errata/RHSA-2022:4863
lists.suse.com,10680,#69b3a2,https://lists.suse.com/pipermail/sle-security-updates/2024-February/017974.html
wid.cert-bund.de,10352,#69b3a2,https://wid.cert-bund.de/.well-known/csaf/white/2021/wid-sec-w-2022-0001.json
ubuntu.com,5180,#dc3545,https://ubuntu.com/security/notices/USN-5053-1
linux.oracle.com,3377,#dc3545,http://linux.oracle.com/errata/ELSA-2022-9365.html
alas.aws.amazon.com,3017,#69b3a2,https://alas.aws.amazon.com/AL2/ALAS-2022-1772.html
www.ibm.com,2157,#dc3545,https://www.ibm.com/blogs/psirt/security-bulletin-ibm-mq-operator-and-queue-manager-container-images-are-vulnerable-to-multiple-vulnerabilities-from-gzip-jackson-databind-libssh-gnutls-nettle-and-zlib/
lists.debian.org,1931,#dc3545,https://lists.debian.org/debian-lts-announce/2022/05/msg00008.html
bodhi.fedoraproject.org,1567,#dc3545,https://bodhi.fedoraproject.org/updates/FEDORA-2023-6c8de2cd15
github.com,1420,#dc3545,https://github.com/ImageMagick/ImageMagick/issues/4988
www.suse.com,1252,#dc3545,https://www.suse.com/support/update/announcement/2014/suse-su-20141294-1.html
nvd.nist.gov,1014,#dc3545,https://nvd.nist.gov/vuln/detail/CVE-2022-1055
bugzilla.redhat.com,796,#dc3545,https://bugzilla.redhat.com/show_bug.cgi?id=2093146
lore.kernel.org,714,#dc3545,https://lore.kernel.org/linux-mm/1626333284-1404-1-git-send-email-nglaive@gmail.com/
security.gentoo.org,633,#69b3a2,https://security.gentoo.org/glsa/202312-05
www.dell.com,510,#dc3545,https://www.dell.com/support/kbdoc/000224827/dsa-2024-=
oss.oracle.com,443,#dc3545,https://oss.oracle.com/pipermail/oraclevm-errata/2023-August/001074.html
www.debian.org,429,#dc3545,https://www.debian.org/security/2021/dsa-4965
downloads.avaya.com,289,#dc3545,https://downloads.avaya.com/css/P8/documents/101081750
www.ubuntu.com,286,#69b3a2,http://www.ubuntu.com/usn/usn-3225-1/
security.netapp.com,267,#dc3545,https://security.netapp.com/advisory/ntap-20220526-0009/
usn.ubuntu.com,264,#dc3545,https://usn.ubuntu.com/4367-1/
sec.cloudapps.cisco.com,237,#dc3545,https://sec.cloudapps.cisco.com/security/center/content/CiscoSecurityAdvisory/cisco-sa-expressway-overwrite-3buqW8LH
seclists.org,213,#dc3545,https://seclists.org/oss-sec/2022/q2/134
rhn.redhat.com,208,#dc3545,https://rhn.redhat.com/errata/RHSA-2014-1397.html
www.oracle.com,206,#69b3a2,https://www.oracle.com/security-alerts/linuxbulletinoct2022.html
lists.centos.org,199,#dc3545,https://lists.centos.org/pipermail/centos-announce/2022-May/073584.html
support.hcltechsw.com,182,#dc3545,https://support.hcltechsw.com/csm?id=kb_article&sysparm_article=KB0097905
kb.juniper.net,171,#dc3545,http://kb.juniper.net/InfoCenter/index?page=content&id=JSA11023
msrc.microsoft.com,161,#69b3a2,https://msrc.microsoft.com/update-guide
security.archlinux.org,160,#dc3545,https://security.archlinux.org/ASA-202204-3
www.zerodayinitiative.com,159,#69b3a2,https://www.zerodayinitiative.com/advisories/ZDI-22-1165/
www.cybersecurity-help.cz,158,#dc3545,https://www.cybersecurity-help.cz/vdb/SB2024031133
support.hpe.com,157,#dc3545,https://support.hpe.com/hpesc/public/docDisplay?docId=emr_na-hpesbst04494en_us
support.f5.com,155,#69b3a2,https://support.f5.com/csp/article/K21548854
supportportal.juniper.net,140,#dc3545,https://supportportal.juniper.net/s/article/2022-10-Security-Bulletin-Junos-Space-Multiple-vulnerabilities-resolved-in-22-2R1-release
security.business.xerox.com,137,#dc3545,https://security.business.xerox.com/wp-content/uploads/2022/06/Xerox-Security-Bulletin-XRX22-012-FreeFlow-Printer.pdf
support.apple.com,136,#dc3545,https://support.apple.com/kb/HT213496
www.mozilla.org,119,#dc3545,https://www.mozilla.org/en-US/security/advisories/mfsa2022-20/
www.intel.com,114,#dc3545,https://www.intel.com/content/www/us/en/security-center/advisory/intel-sa-00598.html
errata.build.resf.org,112,#dc3545,https://errata.build.resf.org/RLSA-2024:0647
centos-announce.2309468.n4.nabble.com,109,#dc3545,http://centos-announce.2309468.n4.nabble.com/CentOS-announce-CESA-2020-5003-Low-CentOS-7-fence-agents-Security-Update-tp4646065.html
huntr.dev,108,#dc3545,https://huntr.dev/bounties/6dd9cb2e-a940-4093-856e-59b502429f22/
lists.opensuse.org,102,#dc3545,https://lists.opensuse.org/archives/list/security-announce@lists.opensuse.org/message/J2IIJFFLYT755HJEWZJEBRBLVJAVCHXD/
kb.igel.com,97,#dc3545,https://kb.igel.com/securitysafety/en/isn-2022-09-zlib-vulnerability-57337946.html
support.lenovo.com,95,#dc3545,https://support.lenovo.com/us/en/product_security/LEN-87863
support.hp.com,95,#dc3545,https://support.hp.com/us-en/document/ish_6189684-6189764-16/HPSBHF03792
my.f5.com,93,#dc3545,https://my.f5.com/manage/s/article/K08827426
www.hitachi.com,90,#dc3545,https://www.hitachi.com/products/it/software/security/info/vuls/hitachi-sec-2023-126/index.html
www.cisco.com,84,#69b3a2,https://www.cisco.com/go/psirt
